{
	"format_version": "1.8.0",
	"animations": {
		"animation.onix.idle": {
			"loop": true,
			"animation_length": 5,
			"bones": {
				"Head": {
					"rotation": {
						"0.0": [
							27.5,
							0,
							0
						],
						"0.2917": [
							25.18908,
							6.79382,
							3.18458
						],
						"1.0833": [
							27.5,
							0,
							0
						],
						"1.2917": [
							25,
							0,
							0
						],
						"1.5833": [
							26.22404,
							-6.73554,
							-3.3065
						],
						"2.0": [
							27.5,
							0,
							0
						],
						"2.3333": [
							27.5,
							0,
							0
						],
						"2.5": [
							27.08846,
							4.45386,
							2.27454
						],
						"2.6667": [
							25,
							0,
							0
						],
						"3.2083": [
							26.38687,
							-4.48131,
							-2.21989
						],
						"3.7083": [
							27.5,
							0,
							0
						],
						"3.9167": [
							26.45065,
							4.47884,
							2.22487
						],
						"4.25": [
							25,
							0,
							0
						],
						"4.6667": [
							26.64997,
							-4.4711,
							-2.24042
						],
						"4.9167": [
							27.5,
							0,
							0
						]
					}
				},
				"Body": {
					"scale": {
						"0.0": [
							1,
							1,
							1
						],
						"0.5": [
							1,
							1,
							1
						],
						"1.0": [
							1,
							1,
							1
						],
						"1.5": [
							1,
							1,
							1.11
						],
						"2.0": [
							1,
							1,
							1.11
						],
						"2.5": [
							1,
							1,
							1.11
						],
						"3.0": [
							1,
							1,
							1
						],
						"3.5": [
							1,
							1,
							1
						],
						"4.0": [
							1,
							1,
							1
						],
						"4.5": [
							1,
							1,
							1.11
						],
						"5.0": [
							1,
							1,
							1
						]
					}
				},
				"RightArm": {
					"rotation": {
						"0.0": [
							0,
							0,
							0
						],
						"0.1667": [
							0,
							0,
							0
						],
						"1.0": [
							0,
							0,
							5
						],
						"1.125": [
							0,
							0,
							5
						],
						"2.0": [
							0,
							0,
							0
						],
						"2.1667": [
							0,
							0,
							0
						],
						"3.0": [
							0,
							0,
							5
						],
						"3.125": [
							0,
							0,
							5
						],
						"4.0": [
							0,
							0,
							0
						],
						"4.2083": [
							0,
							0,
							0
						],
						"4.875": [
							0,
							0,
							5
						],
						"5.0": [
							0,
							0,
							5
						]
					},
					"position": [
						0,
						0,
						0
					]
				},
				"rightArm2": {
					"rotation": {
						"0.0": [
							-5,
							0,
							0
						],
						"1.0": [
							0,
							0,
							0
						],
						"2.0": [
							0,
							0,
							0
						],
						"4.0": [
							0,
							0,
							0
						],
						"4.9583": [
							-5,
							0,
							0
						]
					}
				},
				"char": {
					"rotation": [
						0,
						0,
						0
					],
					"position": [
						0,
						0,
						0
					]
				},
				"LeftLeg": {
					"rotation": [
						0,
						0,
						-5
					]
				},
				"leftLeg1": {
					"scale": 1
				},
				"RightLeg": {
					"rotation": [
						0,
						0,
						5
					],
					"position": [
						0,
						0,
						0
					]
				},
				"LeftArm": {
					"rotation": {
						"0.0": [
							0,
							0,
							0
						],
						"0.875": [
							0,
							0,
							-2.5
						],
						"1.875": [
							-64.9791,
							2.26564,
							1.0571
						],
						"2.25": [
							-64.9791,
							-2.26564,
							-1.0571
						],
						"3.5": [
							0,
							0,
							-5
						],
						"4.0": [
							0,
							0,
							0
						],
						"4.2083": [
							0,
							0,
							0
						],
						"4.875": [
							0,
							0,
							"-5"
						],
						"5.0": [
							0,
							0,
							-5
						]
					},
					"position": {
						"0.0": [
							0,
							0,
							0
						],
						"0.875": [
							0,
							0,
							0
						]
					}
				},
				"leftArm2": {
					"rotation": {
						"0.0": [
							0,
							0,
							0
						],
						"0.875": [
							0,
							0,
							0
						],
						"1.875": [
							0,
							0,
							17.5
						],
						"2.25": [
							0,
							0,
							17.5
						],
						"3.5": [
							0,
							0,
							0
						]
					},
					"position": {
						"0.0": [
							0,
							0,
							0
						],
						"0.875": [
							0,
							0,
							0
						],
						"1.875": [
							0,
							0.5,
							0
						],
						"2.25": [
							0,
							0.5,
							0
						],
						"3.5": [
							0,
							0,
							0
						]
					}
				},
				"book": {
					"rotation": [
						0,
						0,
						0
					],
					"position": [
						0,
						0,
						0
					]
				}
			}
		}
	}
}