{
	"format_version": "1.8.0",
	"animations": {
		"animation.satchel_shop.idle": {
			"loop": true,
			"animation_length": 5.16667,
			"bones": {
				"LeftLeg": {
					"rotation": [
						0,
						0,
						-2.5
					]
				},
				"RightLeg": {
					"rotation": [
						0,
						0,
						2.5
					]
				},
				"LeftArm": {
					"rotation": {
						"0.0": [
							0,
							0,
							0
						],
						"1.0": [
							0,
							0,
							-5
						],
						"2.0": [
							0,
							0,
							0
						],
						"3.0": [
							0,
							0,
							-5
						]
					}
				},
				"Head": {
					"rotation": {
						"0.0": [
							0,
							0,
							0
						],
						"0.125": [
							0,
							27.5,
							0
						],
						"0.2083": [
							0,
							27.5,
							0
						],
						"0.3333": [
							0,
							-30.35714,
							0
						],
						"0.4167": [
							0,
							-30.35714,
							0
						],
						"0.5417": [
							0,
							7.32143,
							0
						],
						"0.625": [
							0,
							7.32143,
							0
						],
						"0.75": [
							0,
							0,
							0
						],
						"1.0833": [
							15,
							0,
							0
						],
						"1.3333": [
							14.94548,
							-1.29256,
							4.83045
						],
						"1.5": [
							14.95,
							-1.29,
							4.83
						],
						"1.7083": [
							15.03344,
							6.12588,
							-3.535
						],
						"1.8333": [
							15.03,
							6.13,
							-3.53
						],
						"2.0": [
							14.79657,
							-2.39952,
							-0.63541
						],
						"2.2083": [
							14.94548,
							-1.29256,
							4.83045
						],
						"2.375": [
							14.95,
							-1.29,
							4.83
						],
						"2.5833": [
							15.03344,
							6.12588,
							-3.535
						],
						"2.7083": [
							15.03,
							6.13,
							-3.53
						],
						"2.875": [
							14.79657,
							-2.39952,
							-0.63541
						],
						"2.9583": [
							14.95,
							-1.29,
							4.83
						],
						"3.1667": [
							15.03344,
							6.12588,
							-3.535
						],
						"3.2917": [
							15.03,
							6.13,
							-3.53
						],
						"3.4583": [
							14.79657,
							-2.39952,
							-0.63541
						],
						"3.625": [
							14.79657,
							-2.39952,
							-0.63541
						],
						"3.8333": [
							14.94548,
							-1.29256,
							4.83045
						],
						"4.0": [
							14.95,
							-1.29,
							4.83
						],
						"4.9583": [
							14.79657,
							-2.39952,
							-0.63541
						],
						"5.0833": [
							0,
							0,
							0
						]
					}
				},
				"RightArm": {
					"rotation": {
						"0.0": [
							0,
							0,
							0
						],
						"1.0417": [
							-84.66581,
							0,
							5
						],
						"1.3333": [
							-87.16581,
							0,
							5
						],
						"2.1667": [
							0,
							0,
							0
						],
						"2.75": [
							0,
							0,
							0
						],
						"3.2917": [
							0,
							0,
							0
						],
						"3.8333": [
							-84.66581,
							0,
							5
						],
						"4.0417": [
							-87.16581,
							0,
							5
						],
						"4.5417": [
							0,
							0,
							0
						]
					}
				},
				"rightArm2": {
					"rotation": {
						"0.0": [
							0,
							0,
							0
						],
						"1.0417": [
							0,
							0,
							-15
						],
						"1.3333": [
							0,
							0,
							-12.5
						],
						"2.1667": [
							0,
							0,
							0
						],
						"2.75": [
							0,
							0,
							0
						],
						"3.2917": [
							0,
							0,
							0
						],
						"3.8333": [
							0,
							0,
							-15
						],
						"4.0417": [
							0,
							0,
							-12.5
						],
						"4.5417": [
							0,
							0,
							0
						]
					},
					"position": {
						"0.0": [
							0,
							0,
							0
						],
						"1.0417": [
							0,
							0.4,
							0
						],
						"1.3333": [
							0,
							0.1,
							0
						],
						"2.1667": [
							0,
							0,
							0
						],
						"2.75": [
							0,
							0,
							0
						],
						"3.2917": [
							0,
							0,
							0
						],
						"3.8333": [
							0,
							0.4,
							0
						],
						"4.0417": [
							0,
							0.1,
							0
						],
						"4.5417": [
							0,
							0,
							0
						]
					}
				},
				"sign1": {
					"position": {
						"0.0": [
							0,
							-16,
							0
						],
						"1.0417": [
							0,
							-16,
							0
						],
						"1.0833": [
							0,
							0,
							0
						],
						"1.7917": [
							0,
							0,
							0
						],
						"1.8333": [
							0,
							-16,
							0
						],
						"3.125": [
							0,
							-16,
							0
						],
						"3.1667": [
							0,
							0,
							0
						],
						"3.9583": [
							0,
							0,
							0
						],
						"4.0": [
							0,
							-16,
							0
						]
					}
				},
				"sign2": {
					"position": {
						"0.0": [
							0,
							-16,
							0
						],
						"2.5": [
							0,
							-16,
							0
						],
						"2.5417": [
							0,
							0,
							0
						],
						"3.125": [
							0,
							0,
							0
						],
						"3.1667": [
							0,
							-16,
							0
						]
					}
				},
				"sign3": {
					"position": {
						"0.0": [
							0,
							-16,
							0
						],
						"1.7917": [
							0,
							-16,
							0
						],
						"1.8333": [
							0,
							0,
							0
						],
						"2.5": [
							0,
							0,
							0
						],
						"2.5417": [
							0,
							-16,
							0
						],
						"3.9583": [
							0,
							-16,
							0
						],
						"4.0": [
							0,
							0,
							0
						],
						"4.3333": [
							0,
							0,
							0
						],
						"4.375": [
							0,
							-16,
							0
						]
					}
				}
			}
		}
	}
}